id_producto,nombre,descripcion,cantidad,unidad_producto
1,ALFILERES BLANCOS MC MAPED ,DESCONOCIDO,0,piezas
2,ALFILERES EN RUEDA MULTICOLOR MC SELANUSA,DESCONOCIDO,0,piezas
3,ALFILERES NEGROS MC MAPED ,DESCONOCIDO,0,piezas
4,ALFILERES VERDES MC MAPED ,DESCONOCIDO,0,piezas
5,ARILLO DE PLASTICO PARA ENCUADERNAR 1/2 12.70 MM MC CERLOX,DESCONOCIDO,0,piezas
6,ARILLO DE PLASTICO PARA ENCUADERNAR 1/4  MM MC PERFEX,DESCONOCIDO,0,piezas
7,ARILLO DE PLASTICO PARA ENCUADERNAR 3/8 9.53  MM MC PERFEX,DESCONOCIDO,0,piezas
8,ARILLO DE PLASTICO PARA ENCUADERNAR 5/16 7.44 MM MC CERLOX,DESCONOCIDO,0,piezas
9,ARILLO DE PLASTICO PARA ENCUADERNAR 5/8 18.55 MM MC CERLOX,DESCONOCIDO,0,piezas
10,ARILLO DE PLASTICO PARA ENCUADERNAR 5/8 18.55 MM MC PERFEX,DESCONOCIDO,0,piezas
11,ARILLO METALICO DOBLE PARA ENCUADERNAR MC PERFEX,DESCONOCIDO,0,piezas
12,ARILLO METALICO DOBLE  ENCUADERNAR MC ZEBRA,DESCONOCIDO,0,piezas
13,ARILLO METALICO DOBLE PARA ENCUADERNAR MC GBC,DESCONOCIDO,0,piezas
14,BANDERAS PARA MAPAS MC OFFICE DEPOT,DESCONOCIDO,0,piezas
15,BICOLOR DELGADO MC DIXON ,DESCONOCIDO,0,piezas
16,BOLIGRAFO CRISTAL PRECISION PUNTO FINO F-290 MC. BIC COLOR AZUL FTE,DESCONOCIDO,0,piezas
17,BOLIGRAFO PIN POINT P/FINO CUERPO AMARILLO  TINTA COLOR AZUL MC. AZOR,DESCONOCIDO,0,piezas
18,BOLIGRAFO PIN POINT P/MEDIANO 1.0MM CUERPO TRANSPARENTE TINTA COLOR AZUL MC. AZOR,DESCONOCIDO,0,piezas
19,BOLIGRAFO PINT PONT 0.5 MM CUERPO AZUL TINTA COLOR AZUL. AZOR,DESCONOCIDO,0,piezas
20,BOLIGRAFO PIN POINT P/MEDIANO 1.0MM CUERPO TRANSPARENTE TINTA COLOR NEGRO MC. AZOR,DESCONOCIDO,0,piezas
21,BOLIGRAFO PUNTA DE AGUJA 0.7MM C/ROJO MC AZOR ,DESCONOCIDO,0,piezas
22,BOLIGRAFO PUNTA FINA 0.7MM C/ROJO MC PAPERMATE ,DESCONOCIDO,0,piezas
23,BOLIGRAFO PUNTO FINO CON 12 PZAS BOLEX COLOR ROJO,DESCONOCIDO,0,piezas
24,BOLIGRAFO PUNTA MEDIA CON 12 PZAS PAPERMATE  COLOR ROJO,DESCONOCIDO,0,piezas
25,"BORRADOR DE PIZARRON, VINCI",DESCONOCIDO,0,piezas
26,BORRADOR DE MIGAJON M-40 MC. PELIKAN,DESCONOCIDO,0,piezas
27,BORRADOR PARA PIZARR�N VINCI MC DIXON,DESCONOCIDO,0,piezas
28,BLOCK DE COMPROBANTE DE GASTOS. MC GRAFIX M�XICO 50 HOJAS,DESCONOCIDO,0,piezas
29,CAJA DE BROCHES PARA ARCHIVO DE 8 CM. ACCO,DESCONOCIDO,0,piezas
30,CAJA CON 100 CHINCHETAS PIN DIFERENTES COLORES MC PELIKAN,DESCONOCIDO,0,piezas
31,CAJA CON 100 CLIPS ESTANDAR BASICO N� 2 MC. ACCO,DESCONOCIDO,0,piezas
32,CAJA CON 4 MARCADORES P/PIZARRON BCO BARRIL D/PLAST 8354 MAGISTRAL DIDACTICO,DESCONOCIDO,0,piezas
33,CAJA DE LIGAS DE HULE NATURAL N� 18 C/100 GRS MC. HERCULES 2024,DESCONOCIDO,0,piezas
34,CALCULADORA BASICA 12 DIGITOS MOD. MS-20UC-BK COLOR NEGRO MC. CASIO,DESCONOCIDO,0,piezas
35,CARPETA ACCOPRESS T/C BROCHE OCULTO MC. ACCO COL. AZUL FTE,DESCONOCIDO,0,piezas
36,CARPETA ACCOPRESS T/O BROCHE OCULTO MC. ACCO COL. AZUL FTE,DESCONOCIDO,0,piezas
37,CARPETA DE ARGOLLAS PANORAMICA T/C 2 P7149 MC. ACCO COL. BLANCO,DESCONOCIDO,0,piezas
38,CARPETA TAMA�O OFICIO CON BROCHE TAMA�O OFICIO C/NEGRO,DESCONOCIDO,0,piezas
39,CARTULINA OPALINA BLANCA T/CARTA AVANT 100H 220G,DESCONOCIDO,0,piezas
40,CARTULINA OPALINA CONT. 100 HOJAS MC IMPERIAL,DESCONOCIDO,0,piezas
41,CHINCHES ROSAS MC ,DESCONOCIDO,0,piezas
42,CINTA ADHESIVA MASKING-TAPE MOD. 110 24MM X 50 MTS. MC. NEXTEP,DESCONOCIDO,0,piezas
43,CINTA ADHESIVA MASKING-TAPE MOD. 110 24MM X 50 MTS. MC. TUK,DESCONOCIDO,0,piezas
44,CINTA ADHESIVA MASKING-TAPE MOD. 110 36MM X 50MTS. MC JANEL,DESCONOCIDO,0,piezas
45,CINTA ADHESIVA MASKING-TAPE MOD. 110 36MM X 50MTS. MC TUK,DESCONOCIDO,0,piezas
46,CINTA ADHESIVA MASKING-TAPE MOD. 110 48MM X 50 MTS. MC. KYMA,DESCONOCIDO,0,piezas
47,CINTA ADHESIVA MASKING-TAPE MOD. 110 48MM X 50 MTS. MC. NAVITEK,DESCONOCIDO,0,piezas
48,CINTA ADHESIVA MASKING-TAPE MOD. 110 48MM X 50 MTS. MC. SINERMARK,DESCONOCIDO,0,piezas
49,CINTA ADHESIVA MASKING-TAPE MOD. 110 48MM X 50 MTS. MC. TUCK,DESCONOCIDO,0,piezas
50,CINTA MAGICA SCOTCH,DESCONOCIDO,0,piezas
51,CINTA ADHESIVA PLATEADA 48MM X 50 MTS. MOD. 90-T MC. TUK,DESCONOCIDO,0,piezas
52,CINTA ADHESIVA TRANSPARENTE DE 24MM X 65M MC NEXTEP,DESCONOCIDO,0,piezas
53,CINTA ADHESIVA TRANSPARENTE MOD. 179 48MM X 50MTS MC. JANEL,DESCONOCIDO,0,piezas
54,CINTA ADHESIVA TRANSPARENTE MOD. 179 48MM X 50MTS MC. TUK,DESCONOCIDO,0,piezas
55,CINTA ADHESIVA TRANSPARENTE MOD. 200 24 MM X 65 MTS. MC. OFFILAND,DESCONOCIDO,0,piezas
56,CINTA ADHESIVA TRANSPARENTE MOD. 200 24 MM X 65 MTS. MC. TUK,DESCONOCIDO,0,piezas
57,CINTA ADHESIVA TRANSPARENTE 18 MM X 33 MTS. MC NAVITEK,DESCONOCIDO,0,piezas
58,CINTA AISLANTE DE VINILO NEGRO 320 19MM X 18M MC TUK ,DESCONOCIDO,0,piezas
59,CINTA AISLANTE DE VINILO NEGRO 320 19MM X 18M MC ARGOS,DESCONOCIDO,0,piezas
60,CINTA BARRICADA PELIGRO 75MM X 100M MC TUCK,DESCONOCIDO,0,piezas
61,CINTA BARRICADA PRECAUCION COLOR AMARILLO MOD. 520 MC TUK,DESCONOCIDO,0,piezas
62,CINTA CANELA 48MM X 50M MC NAVITEK,DESCONOCIDO,0,piezas
63,CINTA CANELA 48MM X 50M MC TUK,DESCONOCIDO,0,piezas
64,CINTA CANELA 48MM X 50M MC DEBEK,DESCONOCIDO,0,piezas
65,CINTA DOBLE CARA 12.7 MM X 32.9 MM MC SCOTCH,DESCONOCIDO,0,piezas
66,CLIP JUMBO CONT. 100 PZAS MC ACCO,DESCONOCIDO,0,piezas
67,CLIP MARIPOSA #1 CONT. 12 PZAS MC ACCO,DESCONOCIDO,0,piezas
68,CLIP MARIPOSA #2 CONT. 50 PZAS MC ACCO,DESCONOCIDO,0,piezas
69,CLIPS ESTADAR BASICO N� 1 CONT. 100 MC BACO,DESCONOCIDO,0,piezas
70,CLIPS ESTANDAR BASICO N�2 CAJA CONT. 100 MC ACCO,DESCONOCIDO,0,piezas
71,CORRECTOR DE CINTA 5MM X 8 MTS. MOD. PA-C0CIN806 MC. PASCUA COLORES SURTIDOS 2023,DESCONOCIDO,0,piezas
72,CORRECTOR EN LAPIZ C-30 SABONIS,DESCONOCIDO,0,piezas
73,CORRECTOR T/BOLIGRAFO ZEBRA,DESCONOCIDO,0,piezas
74,CUADERNO F/FRANCESA COCIDO 100 HJS. MC. RAYTER RAYAS,DESCONOCIDO,0,piezas
75,CUADERNO PROF. SERIE 3 100 HJS. ESPIRAL DOBLE MOD.9650 MC. SCRIBE RAYAS,DESCONOCIDO,0,piezas
76,CUBO DE NOTAS ADHESIVAS 3 X 3 400 HJ NEON EAGLE,DESCONOCIDO,0,piezas
77,CUBO DE NOTAS POST-IT 54 AMARILLO 3'' X 3'' C/400 H. MEMO TIP MC. JANEL,DESCONOCIDO,0,piezas
78,CUCHILLA ANCHA DE PLASTICO DE COLOR MC. MAPED,DESCONOCIDO,0,piezas
79,DEDAL DE HULE NATURAL N� 11 MC. AGUILA,DESCONOCIDO,0,piezas
80,DESENGRAPADORA MOD. 370111 MC. MAPED,DESCONOCIDO,0,piezas
81,ENTINTADOR DE COJINES PARA SELLOS C/ROJA CONT.60ML MC AZOR,DESCONOCIDO,0,piezas
82,ETIQUETA ADHESIVA EAB04767 47 X 67 MM MC TRANSFER,DESCONOCIDO,0,piezas
83,ETIQUETA ADHESIVA EAB20105 20 X 105 MM MC TRANSFER,DESCONOCIDO,0,piezas
84,ETIQUETA ADHESIVA EAB20105 47 X 102 MM MC TRANSFER,DESCONOCIDO,0,piezas
85,ETIQUETAS ADHESIVAS  2538 MC JANEL ,DESCONOCIDO,0,piezas
86,ETIQUETAS PARA LASER+INKJET+COPIADORAS J-5165 TAMA�O CARTA MC JANEL CONT. 25 PIEZAS,DESCONOCIDO,0,piezas
87,ETIQUETAS PARA LASER+INKJET+COPIADORAS J-5931 TAMA�O CARTA CONT. 25 PZS MC JANEL ,DESCONOCIDO,0,piezas
88,FOAMI TAMA�O CARTA MULTICOLOR SIN MARCA ,DESCONOCIDO,0,piezas
89,FOLDER ARCOIRIS T/CARTA CON SOLAPA (2007) COLOR BLANCO,DESCONOCIDO,0,piezas
90,FOLDER TAMA�O OFICIO C/PAJA MC MAPASA ,DESCONOCIDO,0,piezas
91,FOLDER TAMA�O OFICIO C/PAJA MC SMART FILE,DESCONOCIDO,0,piezas
92,FOLDERS  TAMA�O CARTA C/PAJA MC EUROCOLORS,DESCONOCIDO,0,piezas
93,GRAPAS EST�NDAR CONT. 5000  PZAS MC PASCUA,DESCONOCIDO,0,piezas
94,GRAPAS EST�NDAR CONT. 5000 PZAS MC BOSTITCH,DESCONOCIDO,0,piezas
95,GRAPAS HEAVY DUTY 5/16 N�36805 MC SURINQLINE,DESCONOCIDO,0,piezas
96,LAPIZ ADHESIVO BLANCO DE 20 GRS. PELIKAN,DESCONOCIDO,0,piezas
97,LAPIZ ADHESIVO BLANCO DE 21 GRS. MC. DIXON,DESCONOCIDO,0,piezas
98,LAPIZ DE GRAFITO TRIANGULAR BLACK PEPS MC. MAPED,DESCONOCIDO,0,piezas
99,LASER FOLIO PRESENTACION KIT 10 PZAS  MC AVERY,DESCONOCIDO,0,piezas
100,LIBRETA F/FRANCESA PASTA GRUESA 96 HJS. (1750) MC. SCRIBE RAYAS,DESCONOCIDO,0,piezas
101,LIBRO DE ACTAS 192 HOJAS NTERL B ,DESCONOCIDO,0,piezas
102,MARCADOR CON TINTA PERMANENTE PUNTO FINO COLOR AZUL MC NEXTEP ,DESCONOCIDO,0,piezas
103,MARCADOR PERMANENTE  METALICO P/FINO COLOR DORADO MC SHARPIE,DESCONOCIDO,0,piezas
104,MARCADOR PERMANENTE  METALICO P/FINO COLOR PLATEADO MC SHARPIE,DESCONOCIDO,0,piezas
105,MARCADOR PERMANENTE PUNTO FINO C/AZUL MC SHARPIE ,DESCONOCIDO,0,piezas
106,MARCADOR PERMANENTE PUNTO FINO C/NEGRO MC SHARPIE ,DESCONOCIDO,0,piezas
107,MARCADOR PERMANENTE PUNTO FINO C/ROJO MC SHARPIE ,DESCONOCIDO,0,piezas
108,MARCADOR PUNTO FINO C/AZUL MAPED,DESCONOCIDO,0,piezas
109,MARCATEXTOS C/AMARILLO DIXON,DESCONOCIDO,0,piezas
110,MARCATEXTOS C/NARANJA DIXON,DESCONOCIDO,0,piezas
111,MARCATEXTOS C/VERDE  DIXON,DESCONOCIDO,0,piezas
112,MARCATEXTOS C/AZUL DIXON,DESCONOCIDO,0,piezas
113,PALITOS JUMBO DE MADERA,DESCONOCIDO,0,piezas
114,PAPEL BLANCO T/CARTA 37 KG. 93% DE BLANCURA MC. SCRIBE ECOLOGICO VERDE,DESCONOCIDO,0,piezas
115,PAPEL BOND BLANCO T/OFICIO  75KG. CONT. 500 HOJAS MC. SCRIBE,DESCONOCIDO,0,piezas
116,PAPEL BOND INACOPIA T/CARTA ,DESCONOCIDO,0,piezas
117,PAPEL VEGETAL 61X91 /110GR/62KG GRUESO PLIEGO CANSON ALBANENE,DESCONOCIDO,0,piezas
118,PAPEL BOND BLANCO SINMARCA ,DESCONOCIDO,0,piezas
119,PAPEL KRAFT COLOR CARTON SIN MARCA ,DESCONOCIDO,0,piezas
120,PAQUETE ACETATO TRANSPARENTE TAMA�O CARTA CONT. 25 HOJAS MC KRONALINE,DESCONOCIDO,0,piezas
121,PAQUETE CARD PLAYERS CONT. 50 PIEZAS MC K&M,DESCONOCIDO,0,piezas
122,PAQUETE CON 100 TARJETAS BLANCAS 5'' X 8'' 1/2 CARTA MC. RAYTER,DESCONOCIDO,0,piezas
123,PAQUETE DE ETIQUETAS ADHERIBLES BLANCAS 20 X 105 MM MC TRANSFER 2023,DESCONOCIDO,0,piezas
124,PAQUETE DE ETIQUETAS ADHERIBLES BLANCAS 47 X 102 MM MC TRANSFER 2024,DESCONOCIDO,0,piezas
125,PAQUETE DE PAPEL ARCOIRIS T/C C/100 HJS COL. INTESOS MC EUROCOLORS,DESCONOCIDO,0,piezas
126,PAQUETE DE PAPEL ARCOIRIS T/C C/100 HJS. COLOR PASTEL MC. EUROCOLOR,DESCONOCIDO,0,piezas
127,PAQUETE DE PAPEL DE CHINA COLOR VERDE MC PARISINA ,DESCONOCIDO,0,piezas
128,PAQUETE DE PAPEL DE CHINA COLOR MORADO MC PARISINA,DESCONOCIDO,0,piezas
129,PAQUETE DE MO�O AUTOM�TICO DIVERSOS COLORES. MC CELOMAGICIO 100 PZAS,DESCONOCIDO,0,piezas
130,PASTAS PLASTICAS T/CARTA  LISA MC. ZEBRA COLOR NEGRO,DESCONOCIDO,0,piezas
131,PASTAS PLASTICAS T/CARTA LISA MC. ZEBRA TRANSPARENTE,DESCONOCIDO,0,piezas
132,PEGAMENTO INSTANTANEO DE 2 GRS. KOLA-LOKA,DESCONOCIDO,0,piezas
133,PEGAMENTO INSTANTANEO DE 3.5 GRS. GOTERITO MC KOLA-LOKA,DESCONOCIDO,0,piezas
134,PEGAMENTO INSTANTANEO DE 5 GRS. EN BROCHA KOLA-LOKA,DESCONOCIDO,0,piezas
135,PEGAMENTO VINVILICO BLANCO. ALFA ,DESCONOCIDO,0,piezas
136,PERFORADORA 2 ORIFICIOS ESSENTIALS METALICA 20/25 HJS. MOD. 402411 MC. MAPED,DESCONOCIDO,0,piezas
137,PLASTILOKA PLASTILINA EPOXICA MC KOLALOKA,DESCONOCIDO,0,piezas
138,P�LIZA CHEQUE B-1013 TAMA�O CARTA CONT.50 HOJAS MC PRINTAFORM,DESCONOCIDO,0,piezas
139,P�LIZA DE DIARIO B-1002 TAMA�O CARTA CONT.50 HOJAS MC PRINTAFORM,DESCONOCIDO,0,piezas
140,P�LIZA DE EGRESOS B-1005 TAMA�O CARTA CONT.50 HOJAS MC PRINTAFORM ,DESCONOCIDO,0,piezas
141,P�LIZA DE INGRESOS B-1004 TAMA�O CARTA CONT. 50 HOJAS MC PRINTAFORM ,DESCONOCIDO,0,piezas
142,PROTECTOR DE HOJAS T/CARTA (MEDIO) MC. WILSON JONES,DESCONOCIDO,0,piezas
143,PROTECTOR DE HOJAS T/OFICIO(360) MC. KINERA,DESCONOCIDO,0,piezas
144,PUNTILLAS HB 0.5 MC ZEBRA ,DESCONOCIDO,0,piezas
145,PUNTILLAS HB 0.7 MC ZEBRA ,DESCONOCIDO,0,piezas
146,REPUESTOS PARA CUTER SIN MARCA,DESCONOCIDO,0,piezas
147,RECOPILADOR TAMA�O ESQUELA KYMA,DESCONOCIDO,0,piezas
148,RECOPILADOR TAMA�O MEMORANDUM  MC LEFORT ,DESCONOCIDO,0,piezas
149,REGISTRADOR TAMA�O CARTA (REGCAR) MC. PRINTAFORM,DESCONOCIDO,0,piezas
150,REGISTRADOR TAMA�O OFICIO MC TRINTAFORM,DESCONOCIDO,0,piezas
151,REGLA SECRETARIAL DE ALUMINIO 30 CMS. MOD. 3001 MC. ARLY,DESCONOCIDO,0,piezas
152,ROLLO DE PLASTICO CONTAC AUTOADERIBLE TRANSP. C/20 MTS. MOD. 7020 MC. BARRILITO,DESCONOCIDO,0,piezas
153,SACAPUNTA CHICO DE METAL UNA ENTRADA MOD. 5066 MC. MAPED,DESCONOCIDO,0,piezas
154,SACAPUNTA CHICO DE  PLASTICO UNA ENTRADA,DESCONOCIDO,0,piezas
155,SEPARADOR DE HOJAS T/CARTA 26 PZAS DE LA A A LA Z. MC WILSON JONES,DESCONOCIDO,0,piezas
156,SOBRE DE PLASTICO T/OFICIO HORIZ. C/HILO PA-SOHOF-SUR MC. PASCUA ,DESCONOCIDO,0,piezas
157,SOBRE AMARILLO PARA NOMINA COIN 5-60 KGS MC. NASSA,DESCONOCIDO,0,piezas
158,SOBRE BOLSA AMARILLO T/CARTA 2330/60 KGS MC. NASSA,DESCONOCIDO,0,piezas
159,SOBRE BOLSA AMARILLO T/OFICIO 2434/60 KGS MC. NASSA,DESCONOCIDO,0,piezas
160,SOBRE D/PLASTICO T/O HORIZ. C/HILO MOD. 120FCHN MC. BARRILITO,DESCONOCIDO,0,piezas
161,SOBRE MEDIA CARTA 16.5 X 25CM MC NASSA,DESCONOCIDO,0,piezas
162,SOBRE PARA CARTA 12.5X22CM ,DESCONOCIDO,0,piezas
163,SOBRE PARA CARTA 24X10CM ,DESCONOCIDO,0,piezas
164,SOBRE TAMA�O OFICIO C/AMARILLO ,DESCONOCIDO,0,piezas
165,SOBRE TAMA�O OFICIO C/BLANCO,DESCONOCIDO,0,piezas
166,SOBRES 7.7X11.4,DESCONOCIDO,0,piezas
167,SOBRES AMARILLOS DE 16.1X8.4CM ,DESCONOCIDO,0,piezas
168,SOBRE BOLSA CON BROCHE 15X22 MC SIGNATURE,DESCONOCIDO,0,piezas
169,SOBRE BOLSA GOMA T/CARTA 23X30.5 CM MC KYMA,DESCONOCIDO,0,piezas
170,SUJETA DOCUMENTOS 19 MM MC. ACCO,DESCONOCIDO,0,piezas
171,SUJETA DOCUMENTOS 25 MM MC. PASCUA,DESCONOCIDO,0,piezas
172,SUJETA DOCUMENTOS 32 MM MC. ACCO,DESCONOCIDO,0,piezas
173,SUJETA DOCUMENTOS 50 MM MC. ACCO,DESCONOCIDO,0,piezas
174,"SUJETA DOCUMENTOS GRANDE 50MM (2"")  MC ACCO",DESCONOCIDO,0,piezas
175,TARJETAS BLANCAS 3X5 PAQ C/100 PZAS RAMSA,DESCONOCIDO,0,piezas
176,TARJETA BLANCA 4X6 PAQ C/100 PZAS IRASA,DESCONOCIDO,0,piezas
177,TARJETA BLANCA 5X8 PAQ.C/100 PZAS. RAYTER,DESCONOCIDO,0,piezas
178,TIJERA ESCOLAR 5CM  MC PASCUA DIVERSOS COLRES ,DESCONOCIDO,0,piezas
179,TIJERA ADVANCED GREEN 17 CMS. MOD. 496110 MC. MAPED,DESCONOCIDO,0,piezas
180,TINTA PARA SELLOS C/NEGRO CONT.60ML MC PELIKAN ,DESCONOCIDO,0,piezas
181,TINTA PARA SELLOS C/ROJO CONT.60ML MC PELIKAN ,DESCONOCIDO,0,piezas
182,TINTA PROTECTORA DE CHEQUES 12 ML MC STAFFORD,DESCONOCIDO,0,piezas
183,TINTA PARA SELLOS  C/ROJO azor,DESCONOCIDO,0,piezas
184,ABRILLANTADOR DE MUEBLES,DESCONOCIDO,0,piezas
185,AROMATIZANTE WIESE,DESCONOCIDO,0,piezas
186,ALMOROL ,DESCONOCIDO,0,piezas
187,ACEITE PARA MOP,DESCONOCIDO,0,piezas
188,ACIDO MURIATICO SULTAN 900ML,DESCONOCIDO,0,piezas
189,ARA�AS METALICAS ,DESCONOCIDO,0,piezas
190,BOLSA PARA BASURA 90X120,DESCONOCIDO,0,piezas
191,BOLSA TRANSPARENTE 40X60 ,DESCONOCIDO,0,piezas
192,BOLSA NEGRA PARA BASURA 90X70,DESCONOCIDO,0,piezas
193,BOLSA NEGRA PARA BASURA 60X100 ,DESCONOCIDO,0,piezas
194,BOLSA NEGRA PARA BASURA 80X100 ,DESCONOCIDO,0,piezas
195,BOLSA  PARA BASURA TRANPARENTE 90X120,DESCONOCIDO,0,piezas
196,BOMBA PARA WC CON PALO ,DESCONOCIDO,0,piezas
197,BOTE ATOMIZADOR BLANCO CHICO ,DESCONOCIDO,0,piezas
198,BOTE ATOMIZADOR CONT. 1 L MC AKSI,DESCONOCIDO,0,piezas
199,BOTE BLANCO CON TAPA ROJA MC LACTOVIT,DESCONOCIDO,0,piezas
200,BOTE PARA BASURA NEGRO MC SABLON ,DESCONOCIDO,0,piezas
201,BOTE PARA BASURA NEGRO SIN MARCA ,DESCONOCIDO,0,piezas
202,CEPILLO PARA WC ,DESCONOCIDO,0,piezas
203,CEPILLO ,DESCONOCIDO,0,piezas
204,CEPILLO CHICO DE PLASTICO MC. KINTEK,DESCONOCIDO,0,piezas
205,CESTO BALACIN GRANDE ,DESCONOCIDO,0,piezas
206,CLORO 3% ,DESCONOCIDO,0,piezas
207,CUBETA DE PLASTICO,DESCONOCIDO,0,piezas
208,CUBETA DE PLASTICO CON EXPRIMIDOR MC LA BONITA,DESCONOCIDO,0,piezas
209,DESENGRASANTE BRASSO,DESCONOCIDO,0,piezas
210,DETEGERTE 10KG MC ROMA,DESCONOCIDO,0,piezas
211,DETERGENTE 1 KG MC ROMA ,DESCONOCIDO,0,piezas
212,DISPENSADOR TRANSPARENTE DE 1 L ,DESCONOCIDO,0,piezas
213,DISPENSADOR TRANSPARENTE DE 600 ML,DESCONOCIDO,0,piezas
214,ESCOBA DE VINILO ABANICO ,DESCONOCIDO,0,piezas
215,FRANELA ,DESCONOCIDO,0,piezas
216,FERTILIZANTE TRIPLE 17 CONT. 1 KG MC ROYAL GARDEN,DESCONOCIDO,0,piezas
217,FIBRA CON ESPONJA DE 7 X 13 CM,DESCONOCIDO,0,piezas
218,FIBRA BLANCAS 9X15 CM,DESCONOCIDO,0,piezas
219,FIBRA VERDE CHICO ,DESCONOCIDO,0,piezas
220,FIBRA VERDE 3M MC. SCOTCH BRITE,DESCONOCIDO,0,piezas
221,GEL ANTIBACTERIAL ,DESCONOCIDO,0,piezas
222,GUANTES DE L�TEX MC VITEX,DESCONOCIDO,0,piezas
223,H24 DOMESTICO 460 ML,DESCONOCIDO,0,piezas
224,HERBICIDA Y DESECANTE AGRICOLA FAENA CONT. 1L,DESCONOCIDO,0,piezas
225,INSECTICIDA EN POLVO  CONT. 1 KG MC. FOLEY,DESCONOCIDO,0,piezas
226,JAB�N LIQUIDO PARA TRASTES,DESCONOCIDO,0,piezas
227,JALADOR PARA CRISTAL,DESCONOCIDO,0,piezas
228,JALADOR,DESCONOCIDO,0,piezas
229,JERGA 3 COLORES ,DESCONOCIDO,0,piezas
230,JICARAS,DESCONOCIDO,0,piezas
231,LUSTRADOR DE MUEBLES,DESCONOCIDO,0,piezas
232,LIQUIDO PARA MOP,DESCONOCIDO,0,piezas
233,LIMPIADOR CON ATOMIZADOR,DESCONOCIDO,0,piezas
234,LIMPIADOR DE PISO MULTIUSOS ,DESCONOCIDO,0,piezas
235,LIMPIADOR PARA VIDRIOS ,DESCONOCIDO,0,piezas
236,MECHUDO DE PABILO,DESCONOCIDO,0,piezas
237,PAPEL HIGIENICO,DESCONOCIDO,0,piezas
238,PALOS PARA ESCOBA,DESCONOCIDO,0,piezas
239,PALOS PARA MOP CON ESTRUCTURA ,DESCONOCIDO,0,piezas
240,PALOS PARA MOP DE ALUMINIO ,DESCONOCIDO,0,piezas
241,PALOS PARA MOP DE MADERA,DESCONOCIDO,0,piezas
242,PA�UELOS DESECHABLES DE MANZANILLA TRIPLE HOJA CONT. 100 PA�UELOS MC KLEENEX ,DESCONOCIDO,0,piezas
243,PASTILLA SANITARIA MC FLASH,DESCONOCIDO,0,piezas
244,RAID CASA Y JARDIN 400 ML,DESCONOCIDO,0,piezas
245,RECOGEDOR DE ALUMINIO ,DESCONOCIDO,0,piezas
246,RECOGEDOR DE PLASTICO ,DESCONOCIDO,0,piezas
247,REPUESTO DE BOMBA PARA WC ,DESCONOCIDO,0,piezas
248,REPUESTO PARA MOP GRANDE,DESCONOCIDO,0,piezas
249,REPUESTO PARA MOP MEDIANO ,DESCONOCIDO,0,piezas
250,REPUESTO PARA MOPS GRANDE,DESCONOCIDO,0,piezas
251,SANITIZANTE ,DESCONOCIDO,0,piezas
252,SANITIZANTE PARA PISOS ,DESCONOCIDO,0,piezas
253,SARRIZIDA ,DESCONOCIDO,0,piezas
254,"SE�AL DE PRECACUCI�N ""PISO MOJADO"" ",DESCONOCIDO,0,piezas
255,SHAMPOO LIQUIDO PARA MANOS ,DESCONOCIDO,0,piezas
256,TOALLA DE MICROFIBRA SIN MARCA,DESCONOCIDO,0,piezas
257,TOALLAS INTERDOBLADAS PAQUETE CON 100 PIEZAS C/U MC SANITAS ,DESCONOCIDO,0,piezas
258,TOALLITAS HUMEDAS ANTIBACTERIAL MC. ESCUDO (PAQ C/50 PIEZAS),DESCONOCIDO,0,piezas
259,TAPETES DE ENTRADA,DESCONOCIDO,0,piezas
260,TRAPEADOR MAGITEL,DESCONOCIDO,0,piezas
261,AROMATIZANTE A GRANEL,DESCONOCIDO,0,piezas
262,ACEITE PARA TRANSMISI�N MANUAL 946 ML MARCA AKRON,DESCONOCIDO,0,piezas
263,ACEITE LUBRICANTE PARA DIFERENCIALES 946 ML  MC LTH,DESCONOCIDO,0,piezas
264,ACEITE PARA TRANSMISI�N AUTOMATICA  946 ML MC LTH ,DESCONOCIDO,0,piezas
265,ACEITE PARA TRANSMISI�N AUTOMATICA  946 ML ,DESCONOCIDO,0,piezas
266,ACEITE PARA GASOLINA SAE 20W-50 CONT. 946ML MC LTH ,DESCONOCIDO,0,piezas
267,ACEITE MULTIGRADO PARA MOTOR A DIESEL 946 ML MC GONHER ,DESCONOCIDO,0,piezas
268,ACEITE MULTIGRADO 15 - 40 DIESEL/GASOLINA 946 ML MC MERCEDES-BENZ,DESCONOCIDO,0,piezas
269,AGUA PARA BATER�A CONT.460ML  MC AKRON ,DESCONOCIDO,0,piezas
270,ANTICONGELANTE REFIGERANTE VERDE CONT. 3.79L MC GONHER,DESCONOCIDO,0,piezas
271,FLUIDO PARA DIRECCI�N HIDR�ULICA 350 ML MC BARDAHL,DESCONOCIDO,0,piezas
272,FLUIDO ESPECIAL PARA BATERIA 950 ML MC ROSHFRANS ,DESCONOCIDO,0,piezas
273,FILTRO DE ACEITE EXTRA GUARD PH3682 MC FRAM,DESCONOCIDO,0,piezas
274,INDUSTRIALES L�TEX NATURAL CLASE I TIPO F MC VITEX,DESCONOCIDO,0,piezas
275,LIQUIDO FRENOS DOT3 CONT. 900ML  MC BARDAHL,DESCONOCIDO,0,piezas
276,LIQUIDO FRENOS DOT4 CONT. 950ML  MC ROSHFRANS ,DESCONOCIDO,0,piezas
277,LIQUIDO PARA FRENOS DOT3 LF3 CONT.900 ML ,DESCONOCIDO,0,piezas
278,LIQUIDO  LIMPIA PARA BRISAS 3.78 L (1 GAL) PRESTON,DESCONOCIDO,0,piezas
279,LUIQUIDO PARA DIRECCI�N HIDR�ULICA CONT. 200ML ,DESCONOCIDO,0,piezas
280,LIMPIAPARABRISAS DURALAST 26 PULGADAS,DESCONOCIDO,0,piezas
281,LIMPIAPARABRISAS DURALAST 18 PULGADAS,DESCONOCIDO,0,piezas
282,LIMPIAPARABRISAS DURALAST 17 PULGADAS,DESCONOCIDO,0,piezas
283,TAPETES PARA AUTO SIN AMRCA,DESCONOCIDO,0,piezas
284,POLISH BLANCO  CONT.300 GRS.  MC MARVIL ,DESCONOCIDO,0,piezas
285,REFRIGERANTE ANTICONGELANTE CONT. 1 GAL ,DESCONOCIDO,0,piezas
286,REFRIGERANTE SAFE + ROAD CONT. 3.78L (1 GAL) MC. PERMATEX ,DESCONOCIDO,0,piezas
287,5- PORT 10/100MBPS DESKTOP SWITCH MC TP-LINK,DESCONOCIDO,0,piezas
288,CABLE USB A-B 3.0M MODELO: 317863 MC MANHATTAN,DESCONOCIDO,0,piezas
289,CABLE USB V2.0 A-B 3M MODELO: 333382 MC MANHATTAN,DESCONOCIDO,0,piezas
290,CABLE USB V2.0 A-B 5.0M MODELO: 345408 MC MANHATTAN,DESCONOCIDO,0,piezas
291,CARGADOR MAS 10 PILAS AA RECARGABLES DE 2500 MAH MC DURACELL,DESCONOCIDO,0,piezas
292,BATERIAS 10 PZAS AA MC 2500 MAH RECARGABLES DURACELL,DESCONOCIDO,0,piezas
293,BATERIAS AAA MC DURACELL,DESCONOCIDO,0,piezas
294,CARTUCHO DE CINTA S015335 MC EPSON CONT. 32.0 M,DESCONOCIDO,0,piezas
295,CD-R  MC. VERBATIM 700MB/80MIN,DESCONOCIDO,0,piezas
296,COMPUKLIN LIMPIADOR DE CIRCUITOS Y TARJETAS ELECTRONICAS MC SILIMEX CONT. 454 ML,DESCONOCIDO,0,piezas
297,DVC DIGITAL VIDEO CASSETTE SONY 60 MIN ,DESCONOCIDO,0,piezas
298,DVD+R MC. SONY 4.7GB/120 MIN,DESCONOCIDO,0,piezas
299,DVD-R MC. VERBATIM 4.7GB/120MIN,DESCONOCIDO,0,piezas
300,FROTH-EXPRESS ESPUMA LIMPIADORA ESPECIAL PARA TECLADOS Y CARCASAS BOTE AZUL CONT. 454GR MC PROLICOM ,DESCONOCIDO,0,piezas
301,FROTH-EXPRESS ESPUMA LIMPIADORA ESPECIAL PARA TECLADOS Y CARCASAS BOTE NEGRO CONT. 454GR MC PROLICOM ,DESCONOCIDO,0,piezas
302,FUENTE DE PODER POWER 5 R500 MC ACTECK,DESCONOCIDO,0,piezas
303,FUENTE DE PODER POWER-S S500 MC ACTECK,DESCONOCIDO,0,piezas
304,LECTOR DE TARJETAS DE MEMORIA 10 EN 1 MC STEREN ,DESCONOCIDO,0,piezas
305,LECTRO-EXPRESS LIMPIADOR DE CIRCUITOS Y TARJETAS ELECTRONICAS MC PROLICOM CONT. 454 GR,DESCONOCIDO,0,piezas
306,LECTRO-EXPRESS LIMPIADOR PARA TARJETAS ELECTRONICAS MC PROLICOM CONT. 454 GR,DESCONOCIDO,0,piezas
307,LICENCIA OFFICE HOGAR Y EMPRESAS 2013 MC MICROSOFT,DESCONOCIDO,0,piezas
308,PREMIUM TONERCARTIDGE STH - CE278A/328 COMPATIBLE HP LASERJET P1566/P1567/P1568/P1569/P606/P1606DN/P1607DN/P1608DN/P1609DN/HP LASERJET M1530/M1536DNF/M1537DNF/M1538DNF/M1539DND CANON IC MF4410/4450/4412/4420/4550,DESCONOCIDO,0,piezas
309,PREMIUM TONER CARTRIDGE CE312A/CF352A-Y UNIVERSAL ,DESCONOCIDO,0,piezas
310,REMOVEDOR DE POLVO PERFEC CHOICE 330 ML,DESCONOCIDO,0,piezas
311,REMOVEDOR DE POLVO COMPRIMIDO AEROJET MC. SILIMEX CONT. 660ML ,DESCONOCIDO,0,piezas
312,SILIMPO ESPUMA LIMPIADORA PARA SUPERFICIES DE EQUIPOS ELECTR�NICOS MC SILIMEX CONT. 454 ML,DESCONOCIDO,0,piezas
313,SOBRES PARA CD�S CON VENTANA 12.7 X 12.7 CM MC FORTEC,DESCONOCIDO,0,piezas
314,TECLADO LOGITECH ,DESCONOCIDO,0,piezas
315,TINTA HP GT52 C. AMARILLO 70ML HASTA 8000 PAGINAS,DESCONOCIDO,0,piezas
316,TINTA HP GT52 C. CIAN 70ML HASTA 8000 PAGINAS,DESCONOCIDO,0,piezas
317,TINTA HP GT52 C. MAGENTA 70ML HASTA 8000 PAGINAS,DESCONOCIDO,0,piezas
318,TINTA HP GT52 C. NEGRO 70ML HASTA 8000 PAGINAS,DESCONOCIDO,0,piezas
319,KATUN SELECT C. NEGRO 100 ML ,DESCONOCIDO,0,piezas
320,KATUN SELECT C. CIAN 100 ML ,DESCONOCIDO,0,piezas
321,KATUN SELECT C. MAGENTA 100 ML ,DESCONOCIDO,0,piezas
322,TOALLLAS  ANTIESTATICAS TOWEL EXPRESS ,DESCONOCIDO,0,piezas
323,TOALLAS LIMPIADORAS MC.PERFECT CHOICE (PAQ C/20 PIEZAS),DESCONOCIDO,0,piezas
324,"TONER CARTRIDGE PTB-TNB022 RENDIMIENTO 8,500 PAG. COMPATIBLE XER. PHASER 3330, WORKCENTRE 3335/3345 DCP - B7535DW/B7520DW",DESCONOCIDO,0,piezas
325,"TONER CARTRIDGE PTH-CE278A/328 RENDIMIENTO 15,000 PAG. IC D520/IC MF4550dn/4420n/4412/4410/4752/4830d/4720wl/4712 SATERA MF4890DW/MF4870DN/MF4750/MF4830D/4720W/4712/LASERTJET M1536DNF/M1530/M1536DNF/M1538DNF/M1539DNF",DESCONOCIDO,0,piezas
326,"TONER CARTRIDGE PTX-106R03623 RENDIMIENTO 15,000 PAG. COMPATIBLE DCP-B7530DN/DCP-B7500D/HL-B2050DN/HL-B2000D/MFC-B7720DN/MFC-B7700D/HL-B2080DW/DCP-B7520DW/MFC-B7715DW",DESCONOCIDO,0,piezas
327,"TONER CARTRIDGE PTX-106R03621 RENDIMIENTO 2,600 PAG. COMPATIBLE DCP-B7530DN/DCP-B7500D/HL-B2050DN/HL-B2000D/MFC-B7720DN/MFC-B7700D/HL-B2080DW/DCP-B7520DW/MFC-B7715DW",DESCONOCIDO,0,piezas
328,KATUN TONER CARTRIDGE CE278A/CARTRIDGE 128 COMPATIBLE HP LASERJET PRO M 1536 DNF/ P1566/P 1606 DN CANON I- SENSYS MF 4410,DESCONOCIDO,0,piezas
329,TONER CE278ACOMP-AI COMPATIBLE LJ P1560/P1566/P1567/P1568/P1569/P1600/P1606/P1606DN/P1608DN/P1609DN/M1530/M1536DNF/M1538DNF/M1539DNF,DESCONOCIDO,0,piezas
330,KATUN TONER CARTRIDGE CB435A/CB436A/CE285A/CARTRIDGE 125/CARTRIDGE 712  COMPATIBLE HP LASERJET-P 1005/P1505/ P1102/ CANON I-SENSYS -LBP 3010/LBP 6000,DESCONOCIDO,0,piezas
331,TONER PREMIUM XER3330COMP-S 106R03621 COMPATIBLE XEROX PHASER 3330 WORKCENTRE 3335/3345,DESCONOCIDO,0,piezas
332,TONER CE285/CB435ACOMP - AI COMPATIBLR LASERJET P1002/P1003/P1004/P1005/P1006/P1009/P1100/P1102/P1102W/LASERJET PRO M1132/M1210/M1212NF/M1214NFH/M1217NFW/M1219NF,DESCONOCIDO,0,piezas
333,TONER NT HP 78A P/LASERJET P/P1606DN CE278A-2000 PGS CANON 128-328,DESCONOCIDO,0,piezas
334,"TONER NT HP 85A CE285A/CB435A/CB436A P/LJ P 1102 W, LJ PRO M 1132 MFP,LJ PRO M 1134, LJ PRO M 1137, LJ PRO M 1138, LJ PRO M 1139, LJ PRO M 1212 NF MFP, LJ PRO M 1217 NFW MFP, LJ PRO M 1219 NF, LJ PRO P 1102, LJ PRO P 1102 S, LJ PRO P 1102 W, LJ PRO P 1109",DESCONOCIDO,0,piezas
335,AGUA EMBOTELLADA CONT. 600 ML MC GUGAR,DESCONOCIDO,0,piezas
336,CAF� AMERICANO 400 GRAMOS MC SELECTO,DESCONOCIDO,0,piezas
337,CAF� GOURMET 340 GRAMOS MC SELECTO,DESCONOCIDO,0,piezas
338,CINTA TRANSPARENTE 5 M MC ZUUM,DESCONOCIDO,0,piezas
339,CINTA MICROPOROSA 5 M,DESCONOCIDO,0,piezas
340,COCA COLA DE 235 ML 8 PZAS ,DESCONOCIDO,0,piezas
341,COCA COLA DE 355 ML 12 PZAS,DESCONOCIDO,0,piezas
342,CONOS DE PAPEL N� 104 MC PRIMO ,DESCONOCIDO,0,piezas
343,CUCHARAS SOPERAS DE PLASTICO MC FANTASI,DESCONOCIDO,0,piezas
344,CUCHARONES,DESCONOCIDO,0,piezas
345,CHAROLAS DE PLASTICO,DESCONOCIDO,0,piezas
346,ENDULCOLORANTE DE MESA C/200 1G C/U MC CANDEREL,DESCONOCIDO,0,piezas
347,ENDULZANTE DE MESSA MC SELECTO (CAJA C/300 SOBRES 1G C/U) ,DESCONOCIDO,0,piezas
348,HIELERAS DE PLASTICO,DESCONOCIDO,0,piezas
349,JARRAS DE VIDRIO,DESCONOCIDO,0,piezas
350,LOCION FACIAL HUMECTANTE 2.8 ML MC MARY KAY,DESCONOCIDO,0,piezas
351,LOCI�N DESMAQUILLANTE 110 ML MC MARY KAY,DESCONOCIDO,0,piezas
352,MAQUILLAJE  8 G MC BISS�,DESCONOCIDO,0,piezas
353,SALEROS DE PLASTICO,DESCONOCIDO,0,piezas
354,SERVILLETAS DE PAPEL 180 PZAS MC ELITE,DESCONOCIDO,0,piezas
355,SERVILLETAS DE PAPEL 100 PZAS MC PETALO,DESCONOCIDO,0,piezas
356,PLATOS GRANDES DE LOZA,DESCONOCIDO,0,piezas
357,PLATOS MEDIANOS DE LOZA,DESCONOCIDO,0,piezas
358,PLATOS CHICOS DE LOZA,DESCONOCIDO,0,piezas
359,PAPELILLOS ABSORBENTES DE BRILLO FACIAL 75 PZAS MC MARY KAY,DESCONOCIDO,0,piezas
360,PAPEL ESTRASA,DESCONOCIDO,0,piezas
361,PAPEL ALUMINIO ROLLO 50 M,DESCONOCIDO,0,piezas
362,POLVO TRASLUCIDO  11 G MC MARY KAY ,DESCONOCIDO,0,piezas
363,TABLAS PARA CORTAR,DESCONOCIDO,0,piezas
364,TAZAS BLANCAS,DESCONOCIDO,0,piezas
365,TENEDORES COCTELEROS DESECHABLES MC MEMBERS MARK,DESCONOCIDO,0,piezas
366,T� DE JENGIBRE LIM�N SABOR FRAMBUESA MC SELECTO,DESCONOCIDO,0,piezas
367,T�  VERDE SABOR FRAMBUESA MC SELECTO,DESCONOCIDO,0,piezas
368,T� DE 12 FLORES  MC SELECTO,DESCONOCIDO,0,piezas
369,T� DE LIM�N MC. McCORMICK,DESCONOCIDO,0,piezas
370,GALLETAS SURTIDO RICO 424 GRMOS MC GAMESA,DESCONOCIDO,0,piezas
371,T� DE HIERBABUENA MC McCORMICK ,DESCONOCIDO,0,piezas
372,T� DE HIERBABUENA MC SELECTO,DESCONOCIDO,0,piezas
373,T� DE DOBLE MENTA MC SELECTO,DESCONOCIDO,0,piezas
374,TOALLA FACIAL DESECHABLE 30 PZAS MARY KAY,DESCONOCIDO,0,piezas
375,VASOS DE PLASTICO,DESCONOCIDO,0,piezas
376,VASOS DE VIDRIO,DESCONOCIDO,0,piezas
377,T� DE MANZANILLA MC. McCORMICK,DESCONOCIDO,0,piezas
378,GALLETAS MACMA,DESCONOCIDO,0,piezas
379,AZUCAR,DESCONOCIDO,0,piezas
380,GATORADE 350ML,DESCONOCIDO,0,piezas
381,BOTELLAS DE SUERO 500 ML,DESCONOCIDO,0,piezas
382,BOMBA DE AIRE MC TRUPPER,DESCONOCIDO,0,piezas
383,BOLA DE ENGANCHE 2 PULGADAS MC HZN,DESCONOCIDO,0,piezas
384,BROCHA SEMI PROFESIONAL 5 PULGADAS MC COMEX,DESCONOCIDO,0,piezas
385,CANDADO DE LAT�N CON 2 LLAVES 40 MM MC HERMEX ,DESCONOCIDO,0,piezas
386,CLAVIJA CON SEGURO 30A-250V C-NEGRO MC LEVITON,DESCONOCIDO,0,piezas
387,CLAVIJA INDUSTRIAL 1/2V 30A 126/260 MC LEVITON ,DESCONOCIDO,0,piezas
388,CLAVIJA NYLON/LEXAN MEDIA VUELTA 3 POLOS - 3 HILOS MC ARROW HART,DESCONOCIDO,0,piezas
389,CESPOL DE LATON PARA LAVAVO MC ,DESCONOCIDO,0,piezas
390,CONTACTO INDUSTRIAL FIJO 1/2V 30A MC LEVITON,DESCONOCIDO,0,piezas
391,CODOS 90 3/4 PARA TUBERIA PVC MC ERA,DESCONOCIDO,0,piezas
392,COPLEX 3/4  PARA TUBERIA  PVC SIN MARCA,DESCONOCIDO,0,piezas
393,CONTACTOR 3 POLOS GB-350-24 MC GB,DESCONOCIDO,0,piezas
394,DESTORNILLADOR MC STANLEY,DESCONOCIDO,0,piezas
395,KIT DE HERRAMIENTA MC MIKELS ,DESCONOCIDO,0,piezas
396,KIT DE HERRAMIENTA MC STANLEY ,DESCONOCIDO,0,piezas
397,ADAPTADORES DE ENCHUFE MC BLACKBERRY,DESCONOCIDO,0,piezas
398,EXTENSION ELECTRICA CALIBRE 2 X 16 3M MC SANELEC,DESCONOCIDO,0,piezas
399,EXTENSION PARA RODILLO,DESCONOCIDO,0,piezas
400,FLEXOMETRO 8M MC TRUPPER,DESCONOCIDO,0,piezas
401,GUANTES DE CARNAZA,DESCONOCIDO,0,piezas
402,GUANTES DE USO RUDO CON ELASTICO DE ALGOD�N EN LA MU�ECA,DESCONOCIDO,0,piezas
403,GUANTES DE HULE CON TELA  MC WEST CHESTER ,DESCONOCIDO,0,piezas
404,FOCOS HALOGENO H3P50 + 50 PERFORMANCE 12V 55W MC HELLA ,DESCONOCIDO,0,piezas
405,FOCOS HALOGENOH4 STANDARD 12V 60/55W P43t MC HELLA,DESCONOCIDO,0,piezas
406,HALOGEN PHOTO OPTIC LAMP MC LUMIACTION ,DESCONOCIDO,0,piezas
407,INTERRUPTOR ESCALERA 15A 110V CD: 100-6213W MC ROYER 100,DESCONOCIDO,0,piezas
408,INTERRUPTOR SENCILLO 15A 110V CD: 100-6211W MC ROYER 100,DESCONOCIDO,0,piezas
409,"JUEGO DE PUNTAS PARA DESARMADOR  50 MM 2"" CONT. 5 PIEZAS MC TRUPER EXPERT ",DESCONOCIDO,0,piezas
410,JUEGO DE PASACORRIENTE MC DURALAST,DESCONOCIDO,0,piezas
411,JUEGO DE LLAVES ALLEN MC STANLEY,DESCONOCIDO,0,piezas
412,LAMPARA 14W ESSENTIAL SUPER 80 MC PHILIPS,DESCONOCIDO,0,piezas
413,LAMPARA DE LED 46039 LUZ DE DIA LED - 60S MC VOLTECK,DESCONOCIDO,0,piezas
414,LAMPARA DE REPUESTO PARA INSECTRONIC-200 NO. 550 MC STEREN,DESCONOCIDO,0,piezas
415,LINEA RESIDENCIAL CD: 100-6201W PLACA 1 MODULO HORIZONTAL BLANCO MC ROYER 100,DESCONOCIDO,0,piezas
416,LINEA RESIDENCIAL CD: 100-6202W PLACA 2 MODULOS DISTANCIADOS  BLANCO MC ROYER 100,DESCONOCIDO,0,piezas
417,LINEA RESIDENCIAL CD: 100-6204W PLACA 3 MODULOS BLANCO MC ROYER 100,DESCONOCIDO,0,piezas
418,LINEA RESIDENCIAL RECEPTACULO VERTICAL SENCILLO 2P+ 15A 127V  100-6249W MC ROYER 100,DESCONOCIDO,0,piezas
419,LINEA RESIDENCIAL RECEPTACULO HORIZONTAL SENCILLO 2P+ 15A 127V  100-6249W MC ROYER 101,DESCONOCIDO,0,piezas
420,LLAVE PERICA 8 PULGADAS MC TRUPER,DESCONOCIDO,0,piezas
421,MASCARILLA BLANCA DESECHABLE MC CABEL,DESCONOCIDO,0,piezas
422,METRO 5M/16' MC TRUPER ,DESCONOCIDO,0,piezas
423,"MINI FELPA ACRILICO 4"" CONT. 2 PIEZAS MC BYP",DESCONOCIDO,0,piezas
424,PUNTAS DE CRUZ MC STANLEY,DESCONOCIDO,0,piezas
425,POLEA GIRATORIA SENCILLA MC VEKER,DESCONOCIDO,0,piezas
426,PLACA DE ALUMINIO PARA RECEPTACULO DOBLE COLOR ORO MC ARROW HART ,DESCONOCIDO,0,piezas
427,RECEPTACULO (CONTACTO) DE MEDIA VUELTA MODELO WD3330 MC ARROW HART,DESCONOCIDO,0,piezas
428,RECEPTACULO DUPLEX COOPER WIRING DEVICES MC ARROW HART,DESCONOCIDO,0,piezas
429,REMACHES POP MC FIERO,DESCONOCIDO,0,piezas
430,"RODILLO ALTA DENSIDAD 3/4""X9"" 19MM X 229MM MC EXITO",DESCONOCIDO,0,piezas
431,RODILLO ALTA DENSIDA 3/4 X9 MC COMEX,DESCONOCIDO,0,piezas
432,RUEDA PARA SILLAS ,DESCONOCIDO,0,piezas
433,SIERRA CIRCULAR 7 1/2 PULGADAS SIN MARCA,DESCONOCIDO,0,piezas
434,"SILICON BA�OS Y COCINAS F101 CONT. 82,8 ML MC SISTA",DESCONOCIDO,0,piezas
435,SOLAR MAXIMA CALIDAD 500 WATTS-130 VOLTS MC FOCOS SA,DESCONOCIDO,0,piezas
436,TAPA DE SEGURIDAD DUPLEX MC LEVITON,DESCONOCIDO,0,piezas
437,THINNER ESTANDAR MC COMEX,DESCONOCIDO,0,piezas
438,TORNILLOS PARA MADERA 3 PULGADAS  MC VEKER,DESCONOCIDO,0,piezas
439,SOPORTE PARA CORTINERO MC PARISINA,DESCONOCIDO,0,piezas
440,SOQUET SENCILLO  HD-200 MC STEREN ,DESCONOCIDO,0,piezas
441,ARMAZON DE LENTES PARA PROTECCI�N ,DESCONOCIDO,0,piezas
442,CONDONES MASCULINOS DE HULE LATEX MC POSSESS,DESCONOCIDO,0,piezas
443,CONDONES MASCULINOS DE HULE LATEX NATURAL MC KONDOPASION,DESCONOCIDO,0,piezas
444,CUBREBOCA QUIRURJICO COLOR LILA ,DESCONOCIDO,0,piezas
445,CUBREBOCAS TRICAPA MC MELTBLOWN,DESCONOCIDO,0,piezas
446,GUANTES DE HULE LATEX PARA CIRUGIA MC SENSI MEDICAL ,DESCONOCIDO,0,piezas
447,GUANTES PARA EXPLORACI�N AMBIDIESTRO MC SENSI MEDICAL,DESCONOCIDO,0,piezas
448,MASCARILLA BLANCA DESECHABLE MC CABEL,DESCONOCIDO,0,piezas
449,TERMOMETRO LED DIGITAL INFRAROJO MODELO DT-8826,DESCONOCIDO,0,piezas
450,BATA INDUSTRIAL AZUL MARINO MC CREATION PUNTO EUROPEO,DESCONOCIDO,0,piezas
451,BATA INDUSTRIAL MC JID TALLA 34,DESCONOCIDO,0,piezas
452,BATA INDUSTRIAL MC JID TALLA 38,DESCONOCIDO,0,piezas
453,BATA INDUSTRIAL MC JID TALLA 40,DESCONOCIDO,0,piezas
454,BATA INDUSTRIAL MC JID TALLA 42,DESCONOCIDO,0,piezas
455,BATA INDUSTRIAL TALLA CH,DESCONOCIDO,0,piezas
456,BATA INDUSTRIAL TALLA G,DESCONOCIDO,0,piezas
457,BATA INDUSTRIAL TALLA M,DESCONOCIDO,0,piezas
458,CAMISA MANGA LARGA BLANCA CABALLERO MC HV RIVERA,DESCONOCIDO,0,piezas
459,CAMISA MANGA LARGA BLANCA DAMA MC HV RIVERA,DESCONOCIDO,0,piezas
460,CHALECO  NEGRO TALLA EG MC LORETTO,DESCONOCIDO,0,piezas
461,CHALECO CAF� CON BOLSAS AL FRENTE MC UNITAM UNIFORMES ,DESCONOCIDO,0,piezas
462,CHALECO CAF� MODELO: PL-08MC C.D. CONTINENTE DEL SUR,DESCONOCIDO,0,piezas
463,CHALECO CAF� OSCURO MC UCHIDA,DESCONOCIDO,0,piezas
464,CHAMARRA GRIS TALLA 38 MC CONTINENTE DEL SUR,DESCONOCIDO,0,piezas
465,CHAMARRA PARA CABALLERO TALLA 4O MC CAMPO SECO,DESCONOCIDO,0,piezas
466,PANTAL�N DE MEZCLILLA AZUL MARINO 36X32 MC LEVI'S,DESCONOCIDO,0,piezas
467,PANTALON DE MEZCLILLA MC OGGI ,DESCONOCIDO,0,piezas
468,PANTALON DE VESTIR NEGRO MC EL ED�N ,DESCONOCIDO,0,piezas
469,PANTAL�N GRIS TALLA 28 MC CONTINENTE DEL SUR,DESCONOCIDO,0,piezas
470,PAQUETE COMPLETO DE UNIFORME ,DESCONOCIDO,0,piezas
471,PLAYERA TIPO POLO COLOR AZUL MARINO TALLA 40 MC C.D. CONTINENTE MEN,DESCONOCIDO,0,piezas
472,PLAYERA TIPO POLO COLOR BLANCO TALLA CH MC C.D. CONTINENTE WOMAN,DESCONOCIDO,0,piezas
473,PLAYERA TIPO POLO COLOR GUINDA MC PLAYERYTEES,DESCONOCIDO,0,piezas
474,PLAYERA TIPO POLO COLOR NEGRO TALLA 36 MC JML,DESCONOCIDO,0,piezas
475,PLAYERA TIPO POLO COLOR NEGRO TALLA 40 MC C.D. CONTINENTE DEL SUR,DESCONOCIDO,0,piezas
